aiolfi = Gennaro Aiolfi <g.aiolfi@fineco.it>
albertopahle = Alberto Pahle <a.pahle@fineco.it>
andreabugada = Andrea Bugada <a.bugada@fineco.it>
andreacantagalli = Andrea Cantagalli <a.cantagalli@fineco.it>
andreadusini = Andrea Dusini <a.dusini@fineco.it>
andreafigini = Andrea Figini <a.figini@fineco.it>
andreapiacentino = Andrea Piacentino <a.piacentino@fineco.it>
andreapremarini = Andrea Premarini <a.premarini@reply.it>
AntonioSchipani = Antonio Schipani <a.schipani@fineco.it>
antonioschipani = Antonio Schipani <a.schipani@fineco.it>
baroni = Gianluca Baroni <g.baroni@fineco.it>
bartolomeoamico = Bartolomeo Amico <b.amico@fineco.it>
bassi = Troppo Bassi <noname.bassi@whocares.net>
benedettovincitorio = Benedetto Vincitorio <b.vincitorio@fineco.it>
brianfarrar = Brian Farrar <b.farrar@fineco.it>
ceciliacoperchio = Cecilia Coperchio <c.coperchio@fineco.it>
chiarabisignani = Chiara Bisignani <c.bisignani@fineco.it>
claudioamendola = Claudio Amendola <c.amendola@fineco.it>
corradopaoletti = Corrado Paoletti <c.paoletti@fineco.it>
cosimociurlo = Cosimo Ciurlo <c.ciurlo@fineco.it>
cvs = CVS <cvs@cvs.fineco.it>
danesini = Luca Danesini <l.danesini@fineco.it>
davidrestifo =  David Restifo <d.restifo@fineco.it>
domenicogreco =  Domenico Greco <d.greco@fineco.it>
domenicoierullo = Domenico Ierullo <d.ierullo@fineco.it>
domenicomatino =  Domenico Matino <d.matino@fineco.it>
donato = Massimiliano Donato <m.donato@fineco.it>
elenamaiorano = Elena Maiorano <e.maiorano@fineco.it>
emanuelestefanini = Emanuele Stefanini <e.stefanini@fineco.it>
enricogargiulo = Enrico Gargiulo <e.gargiulo@fineco.it>
ermesmeloni = Ermes Meloni <e.meloni@fineco.it>
federicobenedusi = Federico Benedusi <f.benedusi@fineco.it>
flavioamodio = Flavio Amodio <f.amodio@fineco.it>
francescoquercia = Francesco Quercia <f.quercia@fineco.it>
francescoscolletta = Francesco Scolletta <f.scolletta@fineco.it>
fulvioconti = Fulvio Conti <f.conti@fineco.it>
FulvioConti = Fulvio Conti <f.conti@fineco.it>
fulviorazzini = Fulvio Razzini <f.razzini@fineco.it>
giancarlorosso = Giancarlo Rosso <g.rosso@fineco.it>
gianlucaricciardi = Gianluca Ricciardi <g.ricciardi@fineco.it>
giorgiogiovanetti = Giorgio Giovanetti <g.giovanetti@fineco.it>
giuseppemaugeri = Giuseppe Maugeri <g.maugeri@fineco.it>
giuseppemilicia = Giuseppe Milicia <g.milicia@fineco.it>
giusepperegina = Giuseppe Regina <g.regina@reply.it>
ivanvismara = Ivan Vismare <i.vismara@fineco.it>
jenkins-user = Jenkins User <jenkins-user@fineco.it>
khurrambashir = Khurram Bashir <k.bashir@fineco.it>
lanfrancopagnotta = Lanfranco Pagnotta <l.pagnotta@fineco.it>
lorenzozambetti = Lorenzo Zambetti <l.zambetti@fineco.it>
lorisburattin = Loris Burattin <l.burattin@fineco.it>
lucafumagalli = Luca Fumagalli <l.fumagalli@fineco.it>
lucagilardini = Luca Gilardini <l.gilardini@fineco.it>
lucalorvetti = Luca Lorvetti <l.lorvetti@fineco.it>
lucameroni = Luca Meroni <l.meroni@fineco.it>
marcodifronzo = Marco Di Fronzo <m.difronzo@fineco.it>
marcolombardo = Marco Lombardi <m.lombardo@fineco.it>
mariorollino = Mario Rollino <m.rollino@fineco.it>
massimomontefusco = Massimo Montefusco <m.montefusco@fineco.it>
meloni = Ermes Meloni <e.meloni@fineco.it>
micheletaccarelli = Michele Taccarelli <m.taccarelli@fineco.it>
(no author) = Nemo <nemo@nemo.net>
noya = Paolo Noya <p.noya@fineco.it>
paolonaldini = Paolo Naldini <p.naldini@fineco.it>
paolonoya = Paolo Noya <p.noya@fineco.it>
paolorizza = Paolo Rizza <p.rizza@fineco.it>
pasqualinomormile = Pasqualino Mormile <p.mormile@fineco.it>
pietrobertoni = Pietro Bertoni <p.bertoni@fineco.it>
rlauro = Roberto Lauro <r.lauro@fineco.it>
robertolauro = Roberto Lauro <r.lauro@fineco.it>
robertoquaranta = Roberto Quaranta <r.quaranta@fineco.it>
root = Root <root@cvs.fineco.it>
sabrinamarchei = Sabrina Marchei <s.marchei@fineco.it>
salvatorecarasi = Salvatore Carasi <s.carasi@fineco.it>
simonebuzzi = Simone Buzzi <s.buzzi@fineco.it>
simonecattaneo = Simone Cattaneo <s.cattaneo@fineco.it>
simoneciotti = Simone Ciotti <s.ciotti@fineco.it>
stefanofronteddu = Stefano Fronteddu <s.fronteddu@fineco.it>
tommasoscrugli = Tommaso Scrugli <t.scrugli@fineco.it>
vassiliarturi = Vassili Arturi <v.arturi@fineco.it>
yuriferri = Yuri Ferri <y.ferri@fineco.it>
